{"seed": 42, "omega_mean": 0.123164, "fp_rate": 0.9903846153846154}