{"seed": 42, "omega_mean": 0.039874, "fp_rate": 0.3333333333333333}