{"seed": 42, "omega_mean": 0.123164, "fp_rate": 0.9166666666666666}